path;used_by;in_backup;bytes;channels;rate;bits;format;seconds
SAMPLES/Artists/Michael Bulaw/Sitar/Freeze Sitar [2018-12-06 224317]-1.wav;170 Sitar 2;yes;2116844;2;44100;32;float;6.000
SAMPLES/Artists/Michael Bulaw/Sitar/Freeze Sitar [2018-12-06 224317].wav;170 Sitar 2;yes;2116844;2;44100;32;float;6.000
SAMPLES/Artists/Michael Bulaw/Sitar/Freeze Sitar [2018-12-06 224319].wav;170 Sitar 2;yes;2116844;2;44100;32;float;6.000
SAMPLES/Artists/Michael Bulaw/Sitar/Freeze Sitar [2018-12-06 224320].wav;170 Sitar 2;yes;2116844;2;44100;32;float;6.000
SAMPLES/Artists/Michael Bulaw/Sitar/Freeze Sitar [2018-12-06 224322].wav;170 Sitar 2;yes;2116844;2;44100;32;float;6.000
SAMPLES/Artists/Michael Bulaw/Sitar/Freeze Sitar [2018-12-06 224323]-1.wav;170 Sitar 2;yes;2116844;2;44100;32;float;6.000
SAMPLES/Artists/Michael Bulaw/Sitar/Freeze Sitar [2018-12-06 224323].wav;170 Sitar 2;yes;2116844;2;44100;32;float;6.000
SAMPLES/Artists/Michael Bulaw/Sitar/Freeze Sitar [2018-12-06 224324].wav;170 Sitar 2;yes;2116844;2;44100;32;float;6.000
SAMPLES/Artists/Michael Bulaw/Sitar/Freeze Sitar [2018-12-06 224325].wav;170 Sitar 2;yes;2116844;2;44100;32;float;6.000
SAMPLES/Artists/Michael Bulaw/Sitar/Freeze Sitar [2018-12-06 224328].wav;170 Sitar 2;yes;2116844;2;44100;32;float;6.000
SAMPLES/Artists/Michael Bulaw/Sitar/Freeze Sitar [2018-12-06 224332].wav;170 Sitar 2;yes;2116844;2;44100;32;float;6.000
SAMPLES/Artists/Michael Bulaw/Sitar/Freeze Sitar [2018-12-06 224334].wav;170 Sitar 2;yes;2116844;2;44100;32;float;6.000
SAMPLES/Artists/Michael Bulaw/Sitar/Freeze Sitar [2018-12-06 224336].wav;170 Sitar 2;yes;2116844;2;44100;32;float;6.000
SAMPLES/Artists/Michael Bulaw/Sitar/Freeze Sitar [2018-12-06 224338].wav;170 Sitar 2;yes;2116844;2;44100;32;float;6.000
SAMPLES/Artists/Michael Bulaw/Sitar/Freeze Sitar [2018-12-06 224340].wav;170 Sitar 2;yes;2116844;2;44100;32;float;6.000
SAMPLES/Artists/Michael Bulaw/Sitar/Freeze Sitar [2018-12-06 224341].wav;170 Sitar 2;yes;2116844;2;44100;32;float;6.000
SAMPLES/Artists/Michael Bulaw/Sitar/Freeze Sitar [2018-12-06 224344].wav;170 Sitar 2;yes;2116844;2;44100;32;float;6.000
SAMPLES/Artists/Michael Bulaw/Sitar/Freeze Sitar [2018-12-06 224345].wav;170 Sitar 2;yes;2116844;2;44100;32;float;6.000
SAMPLES/DRUMS/Claves/CR78 Claves.wav;014 CR-78 / CLAV;yes;4560;1;44100;16;PCM;0.051
SAMPLES/DRUMS/ConH/CR78 Conga high.wav;014 CR-78 / CONH;yes;9716;1;44100;16;PCM;0.110
SAMPLES/DRUMS/ConL/CR78 Conga low.wav;014 CR-78 / CONL;yes;17992;1;44100;16;PCM;0.203
SAMPLES/DRUMS/ConM/CR78 Conga medium.wav;014 CR-78 / CONM;yes;12348;1;44100;16;PCM;0.140
SAMPLES/DRUMS/Cowbell/CR78 Cowbell.wav;014 CR-78 / COWB;yes;8228;1;44100;16;PCM;0.093
SAMPLES/DRUMS/Crash/CR78 Cymbal.wav;014 CR-78 / CRAS;yes;22570;1;44100;16;PCM;0.255
SAMPLES/DRUMS/Guiro/CR78 Guiro.wav;014 CR-78 / GUIR;yes;18948;1;44100;16;PCM;0.214
SAMPLES/DRUMS/HatC/CR78 Closed hihat.wav;014 CR-78 / HATC;yes;7352;1;44100;16;PCM;0.083
SAMPLES/DRUMS/HatO/CR78 Open hihat.wav;014 CR-78 / HATO;yes;49088;1;44100;16;PCM;0.556
SAMPLES/DRUMS/Kick/CR78 Kick.wav;014 CR-78 / KICK;yes;11390;1;44100;16;PCM;0.129
SAMPLES/DRUMS/Other/CR78 Metal.wav;014 CR-78 / META;yes;10160;1;44100;16;PCM;0.115
SAMPLES/DRUMS/Rim/CR78 Rim.wav;014 CR-78 / RIM;yes;5400;1;44100;16;PCM;0.061
SAMPLES/DRUMS/Snare/CR78 Snare.wav;014 CR-78 / SNARE;yes;22764;1;44100;16;PCM;0.258
SAMPLES/DRUMS/Tambourine/CR78 Tambourine.wav;014 CR-78 / TAMB;yes;23600;1;44100;16;PCM;0.267
SAMPLES/DUB/HAS_D1#_FLAP.wav;3L3Ctr0 / HAS_D1#_FLAP;yes;225170;2;44100;24;PCM;0.851
SAMPLES/DUB/RADJ_Syn_Bass_Note_Amin_2.wav;3L3Ctr0 / RADJ_Syn_Bass_Note_Amin_2;yes;159904;2;44100;24;PCM;0.591
SAMPLES/DUB/RADJ_Syn_Bass_Note_Cmin_1.wav;3L3Ctr0 / RADJ_Syn_Bass_Note_Cmin_1;yes;130668;2;44100;24;PCM;0.481
SAMPLES/DUB/RADJ_Syn_Bass_Note_F#min_2.wav;3L3Ctr0 / RADJ_Syn_Bass_Note_F#min_2;yes;1062576;2;44100;24;PCM;4.002
SAMPLES/Guiro/drum-hit-guiro-2.wav;Guiro / drum-hit-guiro-2;yes;57604;1;44100;16;PCM;0.652
SAMPLES/Guiro/drum-hit-guiro-3.wav;Guiro / drum-hit-guiro-3;yes;18320;1;44100;16;PCM;0.206
SAMPLES/Guiro/drum-hit-guiro-4.wav;Guiro / drum-hit-guiro-4;yes;15904;1;44100;16;PCM;0.179
SAMPLES/Guiro/drum-hit-guiro-5.wav;Guiro / drum-hit-guiro-5;yes;45880;1;44100;16;PCM;0.519
SAMPLES/Guiro/drum-hit-guiro-6.wav;Guiro / drum-hit-guiro-6;yes;27386;1;44100;16;PCM;0.309
SAMPLES/Guiro/drum-hit-guiro-long.wav;Guiro / drum-hit-guiro-long;yes;53682;1;44100;16;PCM;0.607
SAMPLES/Guiro/drum-hit-guiro-mid.wav;Guiro / drum-hit-guiro-mid;yes;44408;1;44100;16;PCM;0.502
SAMPLES/Guiro/drum-hit-guiro.wav;Guiro / drum-hit-guiro;yes;13974;1;44100;16;PCM;0.157
SAMPLES/Hat/KOD_Live_Closed_Hat.wav;Hihat / KOD_Live_Closed_Hat;yes;133090;2;44100;24;PCM;0.500
SAMPLES/Hat/KOD_Render_Closed_Hat.wav;Hihat / KOD_Render_Closed_Hat;yes;133090;2;44100;24;PCM;0.500
SAMPLES/Hat/LCD2_ClosedHH_57.wav;Hihat / LCD2_ClosedHH_57;yes;132404;2;44100;24;PCM;0.500
SAMPLES/Hat/LCD2_ClosedHH_58.wav;Hihat / LCD2_ClosedHH_58;yes;132404;2;44100;24;PCM;0.500
SAMPLES/Hat/LCD2_ClosedHH_59.wav;Hihat / LCD2_ClosedHH_59;yes;132404;2;44100;24;PCM;0.500
SAMPLES/Hat/LCD2_ClosedHH_60.wav;Hihat / LCD2_ClosedHH_60;yes;132404;2;44100;24;PCM;0.500
SAMPLES/Hat/LCD2_ClosedHH_61.wav;Hihat / LCD2_ClosedHH_61;yes;132404;2;44100;24;PCM;0.500
SAMPLES/Hat/LCD2_ClosedHH_62.wav;Hihat / LCD2_ClosedHH_62;yes;132404;2;44100;24;PCM;0.500
SAMPLES/Hat/SFLN_Hihat_26.wav;Hihat / SFLN_Hihat_26;yes;138378;2;44100;24;PCM;0.477
SAMPLES/Kick/00DB_Kick_Power_people.wav;3L3Ctr0 / 00DB_Kick_Power_people, 3L3Ctr0 / 00DB_Kick_Power_people2;yes;70544;2;44100;16;PCM;0.400
SAMPLES/Kick/BLV23_C_Synth_Bass_01V2.0.wav;3L3Ctr0 / BLV23_C_Synth_Bass_01V2.0, 3L3Ctr0 / BLV23_C_Synth_Bass_01V2.02;yes;139724;2;44100;24;PCM;0.528
SAMPLES/Kick/BLV23_C_Synth_Bass_01V2.wav;3L3Ctr0 / BLV23_C_Synth_Bass_01V2;yes;139724;2;44100;24;PCM;0.528
SAMPLES/Kick/DUME1_Kick01.wav;3L3Ctr0 / DUME1_Kick01, 3L3Ctr0 / DUME1_Kick012;yes;127082;2;44100;24;PCM;0.480
SAMPLES/Kick/DXL2_Kick_Marley.wav;3L3Ctr0 / DXL2_Kick_Marley;yes;66454;2;44100;24;PCM;0.199
SAMPLES/Kick/HOSPE_Kick_PunchV2.wav;3L3Ctr0 / HOSPE_Kick_PunchV2;yes;48630;1;44100;24;PCM;0.363
SAMPLES/Kick/KOD_Filtered_Kick.wav;3L3Ctr0 / KOD_Filtered_Kick;yes;133090;2;44100;24;PCM;0.500
SAMPLES/Kick/KOD_Fragment_Kick.wav;3L3Ctr0 / KOD_Fragment_Kick;yes;133090;2;44100;24;PCM;0.500
SAMPLES/Kick/Kick_01_715.wav;3L3Ctr0 / Kick_01_715;yes;475382;2;44100;24;PCM;1.766
SAMPLES/Kick/NA_B_Double-Bass-Shot.wav;3L3Ctr0 / NA_B_Double-Bass-Shot;yes;372140;2;44100;24;PCM;1.406
SAMPLES/Kick/NIA_Bit_Syn_Bass_D#.wav;3L3Ctr0 / NIA_Bit_Syn_Bass_D#;yes;87864;2;44100;24;PCM;0.326
SAMPLES/Kick/NSL_MayaMoogBass_G2.wav;3L3Ctr0 / NSL_MayaMoogBass_G2;yes;420952;2;44100;24;PCM;1.591
SAMPLES/Kick/Organic Kick/LP24_OrgPerc_Kick_01.wav;3L3Ctr0 / LP24_OrgPerc_Kick_01;yes;355966;2;96000;32;PCM;0.463
SAMPLES/Kick/Organic Kick/LP24_OrgPerc_Kick_02.wav;3L3Ctr0 / LP24_OrgPerc_Kick_02;yes;332272;2;44100;24;PCM;1.256
SAMPLES/Kick/Organic Kick/Organic Kick/LP24_OrgPerc_Kick_14.wav;3L3Ctr0 / LP24_OrgPerc_Kick_14;yes;61240;2;44100;24;PCM;0.231
SAMPLES/Kick/PER_Gb1_BASS_MULTI_03.wav;3L3Ctr0 / PER_Gb1_BASS_MULTI_03, 3L3Ctr0 / PER_Gb1_BASS_MULTI_032, 3L3Ctr0 / PER_Gb1_BASS_MULTI_033;yes;393260;2;44100;24;PCM;1.486
SAMPLES/Kick/PMPR_Kick_Pressure.wav;3L3Ctr0 / PMPR_Kick_Pressure;yes;119102;2;44100;24;PCM;0.435
SAMPLES/Kick/PMPR_Kick_Trance.wav;3L3Ctr0 / PMPR_Kick_Trance;yes;117460;2;44100;24;PCM;0.429
SAMPLES/Kick/PPS_BS_Idol_D#2.wav;3L3Ctr0 / PPS_BS_Idol_D#2;yes;113072;2;44100;24;PCM;0.427
SAMPLES/Kick/PPS_BS_Moonbeam_F#2.wav;3L3Ctr0 / PPS_BS_Moonbeam_F#2;yes;113066;2;44100;24;PCM;0.427
SAMPLES/Kick/PPS_BS_Spirit_F#1.wav;3L3Ctr0 / PPS_BS_Spirit_F#1;yes;113606;2;44100;24;PCM;0.429
SAMPLES/Kick/SHARP_AWP_Bass_One_Shot_1_05_E0.wav;3L3Ctr0 / SHARP_AWP_Bass_One_Shot_1_05_E0;yes;113444;2;44100;24;PCM;0.429
SAMPLES/Kick/SHARP_AWP_Bass_One_Shot_1_07_F#0.wav;3L3Ctr0 / SHARP_AWP_Bass_One_Shot_1_07_F#0;yes;113444;2;44100;24;PCM;0.429
SAMPLES/Kick/SOH_Organic_Kick_19.wav;3L3Ctr0 / SOH_Organic_Kick_19;yes;62496;2;44100;24;PCM;0.190
SAMPLES/Kick/waee_kick-organic_01.wav;3L3Ctr0 / waee_kick-organic_01;yes;110294;2;44100;24;PCM;0.417
SAMPLES/MultiSample/Kontrabass/BKCtbss_SusVib_A#0_v1_rr1.wav;Kbass;yes;1336820;2;44100;16;PCM;7.578
SAMPLES/MultiSample/Kontrabass/BKCtbss_SusVib_A1_v1_rr1.wav;Kbass;yes;2131692;2;44100;16;PCM;12.084
SAMPLES/MultiSample/Kontrabass/BKCtbss_SusVib_B2_v1_rr1.wav;Kbass;yes;1246160;2;44100;16;PCM;7.064
SAMPLES/MultiSample/Kontrabass/BKCtbss_SusVib_C#2_v1_rr1.wav;Kbass;yes;1349416;2;44100;16;PCM;7.649
SAMPLES/MultiSample/Kontrabass/BKCtbss_SusVib_C1_v1_rr1.wav;Kbass;yes;1835940;2;44100;16;PCM;10.407
SAMPLES/MultiSample/Kontrabass/BKCtbss_SusVib_D1_v1_rr1.wav;Kbass;yes;3057536;2;44100;16;PCM;17.332
SAMPLES/MultiSample/Kontrabass/BKCtbss_SusVib_E1_v1_rr1.wav;Kbass;yes;2429548;2;44100;16;PCM;13.772
SAMPLES/MultiSample/Kontrabass/BKCtbss_SusVib_E2_v1_rr1.wav;Kbass;yes;1533524;2;44100;16;PCM;8.693
SAMPLES/MultiSample/Kontrabass/BKCtbss_SusVib_F#0_v1_rr1.wav;Kbass;yes;1597380;2;44100;16;PCM;9.055
SAMPLES/MultiSample/Kontrabass/BKCtbss_SusVib_F#1_v1_rr1.wav;Kbass;yes;1153568;2;44100;16;PCM;6.539
SAMPLES/MultiSample/Kontrabass/BKCtbss_SusVib_G#1_v1_rr1.wav;Kbass;yes;1256636;2;44100;16;PCM;7.123
SAMPLES/MultiSample/Kontrabass/BKCtbss_SusVib_G#2_v1_rr1.wav;Kbass;yes;1352760;2;44100;16;PCM;7.668
SAMPLES/MultiSample/Kontrabass/BKCtbss_SusVib_G0_v1_rr1.wav;Kbass;yes;1583696;2;44100;16;PCM;8.977
SAMPLES/MultiSample/Oboe Stacc 1-2/1-2/Oboe_Stacc_A#2_v1_rr2_Main.wav;Oboe;yes;148000;2;44100;16;PCM;0.838
SAMPLES/MultiSample/Oboe Stacc 1-2/1-2/Oboe_Stacc_A#3_v1_rr2_Main.wav;Oboe;yes;150876;2;44100;16;PCM;0.855
SAMPLES/MultiSample/Oboe Stacc 1-2/1-2/Oboe_Stacc_D3_v1_rr2_Main.wav;Oboe;yes;176892;2;44100;16;PCM;1.002
SAMPLES/MultiSample/Oboe Stacc 1-2/1-2/Oboe_Stacc_D4_v1_rr2_Main.wav;Oboe;yes;117704;2;44100;16;PCM;0.667
SAMPLES/MultiSample/Oboe Stacc 1-2/1-2/Oboe_Stacc_D5_v1_rr2_Main.wav;Oboe;yes;113312;2;44100;16;PCM;0.642
SAMPLES/MultiSample/Oboe Stacc 1-2/1-2/Oboe_Stacc_F3_v1_rr2_Main.wav;Oboe;yes;174428;2;44100;16;PCM;0.988
SAMPLES/MultiSample/Oboe Stacc 1-2/1-2/Oboe_Stacc_F5_v1_rr2_Main.wav;Oboe;yes;120092;2;44100;16;PCM;0.680
SAMPLES/PsyPack/hihat.wav;Hihat / hihat;no;;;;;;
SAMPLES/PsyPack/hihatlong.wav;Hihat / hihatlong;no;;;;;;
SAMPLES/PsyPack/hihatshort.wav;Hihat / hihatshort;no;;;;;;
SAMPLES/RECORD/REC00012.WAV;3L3Ctr0 / REC00012;yes;637757;1;44100;24;PCM;4.820
SAMPLES/RECORD/REC00015.WAV;Hihat / REC00015;yes;1247942;2;44100;24;PCM;4.716
SAMPLES/RECORD/Wasmachensacheninlenkidenki 5/stereo_008.wav;3L3Ctr0 / REC1;yes;422489;1;44100;24;PCM;3.193
SAMPLES/RESAMPLE/New Sitar Grii 8/output_000.wav;KIT1 / output_000;yes;866000;2;44100;24;PCM;3.273
SAMPLES/RESAMPLE/Smoking/output_000.wav;Hihat / output_0002;yes;1498292;2;44100;24;PCM;5.662
SAMPLES/rattle/LP24_OrgPerc_Clap_10.wav;Rattle / LP24_OrgPerc_Clap_10;yes;66688;2;44100;24;PCM;0.252
SAMPLES/rattle/LP24_OrgPerc_LayeredPerc_35.wav;Rattle / LP24_OrgPerc_LayeredPerc_35;yes;488242;2;44100;24;PCM;1.845
SAMPLES/rattle/LP24_OrgPerc_Perc_161.wav;Rattle / LP24_OrgPerc_Perc_161;yes;180964;2;44100;24;PCM;0.684
SAMPLES/rattle/LP24_OrgPerc_Perc_223.wav;Rattle / LP24_OrgPerc_Perc_223;yes;252270;2;96000;32;PCM;0.328
SAMPLES/rattle/LP24_OrgPerc_Perc_227.wav;Rattle / LP24_OrgPerc_Perc_227;yes;216190;2;44100;24;PCM;0.817
SAMPLES/rattle/LP24_OrgPerc_Perc_232.wav;Rattle / LP24_OrgPerc_Perc_232;yes;332632;2;44100;24;PCM;1.257
SAMPLES/rattle/LP24_OrgPerc_Perc_238.wav;Rattle / LP24_OrgPerc_Perc_238;yes;86518;2;44100;24;PCM;0.327
SAMPLES/rattle/LP24_OrgPerc_Perc_272.wav;Rattle / LP24_OrgPerc_Perc_272;yes;204974;2;96000;32;PCM;0.267
SAMPLES/rattle/LP24_OrgPerc_Snap_02.wav;Rattle / LP24_OrgPerc_Snap_02;yes;122698;2;44100;24;PCM;0.464
SAMPLES/rattle/LP24_OrgPerc_Snap_10.wav;Rattle / LP24_OrgPerc_Snap_10;yes;229606;2;96000;32;PCM;0.299
SAMPLES/rattle/NA_NA_Click-01.wav;Rattle / NA_NA_Click-01;yes;124076;2;44100;24;PCM;0.469
SAMPLES/rattle/NA_NA_Perc-20.wav;Rattle / NA_NA_Perc-20;yes;108572;2;44100;24;PCM;0.410
SAMPLES/rattle/OMT_WestAfricanDounV1_BassSlapHands.wav;Rattle / OMT_WestAfricanDounV1_BassSlapHands;yes;332854;2;44100;24;PCM;1.252
SAMPLES/rattle/Rattle new/drum-hit-can.wav;Rattle V2 / drum-hit-can;yes;369540;1;44100;16;PCM;4.188
SAMPLES/rattle/Rattle new/drum-hit-clap-2.wav;Rattle V2 / drum-hit-clap-2;yes;27876;1;44100;16;PCM;0.315
SAMPLES/rattle/Rattle new/drum-hit-clap.wav;Rattle V2 / drum-hit-clap;yes;103898;1;44100;16;PCM;1.177
SAMPLES/rattle/Rattle new/drum-hit-shaker-4.wav;Rattle V2 / drum-hit-shaker-4;yes;9996;1;44100;16;PCM;0.112
SAMPLES/rattle/Rattle new/drum-hit-shaker.wav;Rattle V2 / drum-hit-shaker;yes;8656;1;44100;16;PCM;0.097
SAMPLES/rattle/Rattle new/drum-hit-timbale-4.wav;Rattle V2 / drum-hit-timbale-4;yes;50954;1;44100;16;PCM;0.576
SAMPLES/rattle/Rattle new/drum-hit-triangle-2.wav;Rattle V2 / drum-hit-triangle-2;yes;13180;1;44100;16;PCM;0.148
SAMPLES/rattle/Rattle new/drum-hit-triangle-3.wav;Rattle V2 / drum-hit-triangle-3;yes;54440;1;44100;16;PCM;0.616
SAMPLES/rattle/Rattle new/drum-hit-triangle-4.wav;Rattle V2 / drum-hit-triangle-4;yes;36228;1;44100;16;PCM;0.409
SAMPLES/rattle/Rattle new/drum-hit-triangle.wav;Rattle V2 / drum-hit-triangle;yes;11756;1;44100;16;PCM;0.132
SAMPLES/rattle/Rattle new/drum-hit-vibraslap-3.wav;Rattle V2 / drum-hit-vibraslap-3;yes;253250;1;44100;16;PCM;2.870
SAMPLES/rattle/Rattle new/drum-hit-vibraslap.wav;Rattle V2 / drum-hit-vibraslap;yes;243332;1;44100;16;PCM;2.758
SAMPLES/rattle/Rattle new/drum-hit-wood-block.wav;Rattle V2 / drum-hit-wood-block;yes;57918;1;44100;16;PCM;0.655
SAMPLES/rattle/Rattle new/drum-hit-wood-tambourine-2.wav;Rattle V2 / drum-hit-wood-tambourine-2;yes;38424;1;44100;16;PCM;0.434
SAMPLES/rattle/Rattle new/drum-hit-wood-tambourine-shake-2.wav;Rattle V2 / drum-hit-wood-tambourine-shake-2;yes;12994;1;44100;16;PCM;0.146
SAMPLES/rattle/Rattle new/drum-hit-wood-tambourine-shake-3.wav;Rattle V2 / drum-hit-wood-tambourine-shake-3;yes;13836;1;44100;16;PCM;0.156
SAMPLES/rattle/Rattle new/drum-hit-wood-tambourine-shake-4.wav;Rattle V2 / drum-hit-wood-tambourine-shake-4;yes;34246;1;44100;16;PCM;0.387
SAMPLES/rattle/Rattle new/drum-hit-wood-tambourine-shake.wav;Rattle V2 / drum-hit-wood-tambourine-shake;yes;13856;1;44100;16;PCM;0.156
SAMPLES/rattle/Rattle new/drum-hit-wood-tambourine.wav;Rattle V2 / drum-hit-wood-tambourine;yes;64900;1;44100;16;PCM;0.734
SAMPLES/rattle/SHARP_PS_Kit01_Sitar_One_Shot_D#.wav;Rattle / SHARP_PS_Kit01_Sitar_One_Shot_D#;yes;1814444;2;44100;24;PCM;6.857
